<?xml version="1.0" encoding="UTF-8"?>

<!DOCTYPE mapper
	PUBLIC "-//mybatis.org//DTD Mapper 3.0//EN"
	"http://mybatis.org/dtd/mybatis-3-mapper.dtd">
	
<mapper namespace="mapper.member">
	<select id="idcheck" parameterType="java.lang.String" resultType="int">
		select count(*) from TPmember where id=#{id}
	</select>

	<insert id="join" parameterType="com.web.vo.MemberVO">
		insert into TPmember values (#{id}, #{pw}, #{name}, #{gender}, 
			#{email}, #{address}, #{phone}, sysdate)
	</insert>
	
	<select id="login" parameterType="com.web.vo.MemberVO" resultType="int">
		select count(*) from TPmember where id=#{id} and pw=#{pw}
	</select>
	
	<select id="idSearch" parameterType="Map" resultType="String">
		select id from TPmember where name=#{name} and phone=#{phone}
	</select>
	
	<select id="pwSearch" parameterType="Map" resultType="int">
		select count(*) from TPmember where id=#{id} and name=#{name}
	</select>
	
	<update id="pwUpdate" parameterType="Map">
		update TPMember set pw=#{new_pw} where id=#{id}
	</update>
	
	<select id="totalCount" resultType="int">
		select count(*) from TPmember
	</select>
	
	<select id="member_list" resultType="com.web.vo.MemberVO">
		select rownum rno, id, pw, name, gender, email, address, phone, joindate 
    		from (select rownum rno, id, pw, name, gender, email, address, phone, to_char(joindate ,'yyyy-mm-dd') joindate
    		from (select rownum rno, id, pw, name, gender, email, address, phone, joindate from TPmember order by joindate desc))
	</select>
	
	<select id="member_list_search" parameterType="map" resultType="com.web.vo.MemberVO">
		select rownum rno, id, pw, name, gender, email, address, phone, joindate 
    		from (select rownum rno, id, pw, name, gender, email, address, phone, to_char(joindate ,'yyyy-mm-dd') joindate
    		from (select rownum rno, id, pw, name, gender, email, address, phone, joindate from TPmember order by joindate desc))
		<where>
			<if test="id != ''">
				id = #{id}
			</if>
			<if test="name != ''">
				and name like '%'||#{name}||'%'
			</if>
			<if test="gender != ''">
				and gender = #{gender}
			</if>
			<if test="email != ''">
				and email like '%'||#{email}||'%'
			</if>
			<if test="gender != ''">
				and gender = #{gender}
			</if>
			<if test="address != 0">
				and address = #{address}
			</if>
			<if test="startdate != ''">
				and joindate &gt;= #{startdate}
			</if>
			<if test="enddate != ''">
				and joindate &lt;= #{joindate};
			</if>
			<!-- 
			<if test="startdate != '' and enddate != ''">
				and joindate between #{startdate} and #{enddate};
			</if>
			 -->
		</where>
	</select>
	
	<select id="member_info" parameterType="java.lang.String" resultType="com.web.vo.MemberVO">
		select id, pw, name, gender, email, address, 
			phone, to_char(joindate,'yyyy-mm-dd') joindate from TPmember where id=#{id}
	</select>
</mapper>