<?xml version="1.0" encoding="UTF-8"?>
<beans:beans xmlns="http://www.springframework.org/schema/mvc"
	xmlns:xsi="http://www.w3.org/2001/XMLSchema-instance"
	xmlns:beans="http://www.springframework.org/schema/beans"
	xmlns:context="http://www.springframework.org/schema/context"
	xsi:schemaLocation="http://www.springframework.org/schema/mvc https://www.springframework.org/schema/mvc/spring-mvc.xsd
		http://www.springframework.org/schema/beans https://www.springframework.org/schema/beans/spring-beans.xsd
		http://www.springframework.org/schema/context https://www.springframework.org/schema/context/spring-context.xsd">

	<!-- DispatcherServlet Context: defines this servlet's request-processing infrastructure -->
	
	<!-- Enables the Spring MVC @Controller programming model -->
	<annotation-driven />

	<!-- Handles HTTP GET requests for /resources/** by efficiently serving up static resources in the ${webappRoot}/resources directory -->
	<resources mapping="/resources/**" location="/resources/" />
	<resources mapping="/resources/css/**" location="/resources/css/" />
	<resources mapping="/resources/js/**" location="/resources/js/" />
	<resources mapping="/resources/images/**" location="/resources/images/" />

	<!-- Resolves views selected for rendering by @Controllers to .jsp resources in the /WEB-INF/views directory -->
	<beans:bean class="org.springframework.web.servlet.view.InternalResourceViewResolver">
		<beans:property name="prefix" value="/WEB-INF/views/" />
		<beans:property name="suffix" value=".jsp" />
	</beans:bean>
	
	<!-- DAO 등록 -->
	<beans:bean id="collectionDao" class="com.web.dao.CollectionDAO"></beans:bean>
	<beans:bean id="digitalMovieDao" class="com.web.dao.DigitalMovieDAO"></beans:bean>
	<beans:bean id="qnaDao" class="com.web.dao.QnaDAO"></beans:bean>
	<beans:bean id="faqDao" class="com.web.dao.FaqDAO"></beans:bean>
	<beans:bean id="noitceDao" class="com.web.dao.NoticeDAO"></beans:bean>
	<beans:bean id="dispCommentDao" class="com.web.dao.DispCommentDAO"></beans:bean>
	<beans:bean class="com.web.dao.MemberDAO" id="memberDAO"></beans:bean>
	<beans:bean class="com.web.dao.RListDAO" id="rlistDAO"></beans:bean>
	<beans:bean class="com.web.dao.ReservationDAO" id="reservationDAO"></beans:bean>
	<beans:bean class="com.web.dao.OffNowDAO" id="offnowDAO"></beans:bean>
	<beans:bean class="com.web.dao.UsergalFrameDAO" id="usergalFrameDao"></beans:bean>
	
	<!-- Service 등록 -->
	<beans:bean id="digitalMovieService" class="com.web.service.DigitalMovieServiceImpl"></beans:bean>
	<beans:bean id="collectionService" class="com.web.service.CollectionServiceImpl"></beans:bean>
	<beans:bean id="qnaService" class="com.web.service.QnaServiceImpl"></beans:bean>
	<beans:bean id="pageService" class="com.web.service.PageServiceImpl"></beans:bean>
	<beans:bean id="fileService" class="com.web.service.FileServiceImpl"></beans:bean>
	<beans:bean id="noticeService" class="com.web.service.NoticeServiceImpl"></beans:bean>
	<beans:bean id="faqService" class="com.web.service.FaqServiceImpl"></beans:bean>	
	<beans:bean class="com.web.service.MemberServiceImpl" id="memberService"></beans:bean>
	<beans:bean class="com.web.service.RListServiceImpl" id="rlistService"></beans:bean>
	<beans:bean class="com.web.service.ReservationServiceImpl" id="reservationService"></beans:bean>
	<beans:bean id="dispCommentService" class="com.web.service.DispCommentServiceImpl"></beans:bean>
	<beans:bean id="offnowService" class="com.web.service.OfflineDispServiceImpl"></beans:bean>
	<beans:bean id="usergalFrameService" class="com.web.service.UsergalFrameServiceImpl"></beans:bean>
	
	
	<!-- multipartResolver 등록-->
	<beans:bean id="multipartResolver" class="org.springframework.web.multipart.commons.CommonsMultipartResolver">
	</beans:bean> 
	
	<!-- Interceptor -->
	<beans:bean id="adminInterceptor" class="com.web.interceptor.AdminInterceptor"></beans:bean>
	
	<interceptors>
		<interceptor>	
		<mapping path="/admin.do"></mapping>
		<beans:ref bean="adminInterceptor"/>
		</interceptor>
		<interceptor>	
		<mapping path="/admin/*"></mapping>
		<beans:ref bean="adminInterceptor"/>
		</interceptor>
		
		<interceptor>		
		<mapping path="/faq_write*"></mapping>
		<beans:ref bean="adminInterceptor"/>
		</interceptor>
		<interceptor>	
		<mapping path="/faq_update*"></mapping>
		<beans:ref bean="adminInterceptor"/>
		</interceptor>
		
		<interceptor>	
		<mapping path="/qna_writeReply*"></mapping>
		<beans:ref bean="adminInterceptor"/>
		</interceptor>
		
		<interceptor>		
		<mapping path="/notice_write*"></mapping>
		<beans:ref bean="adminInterceptor"/>
		</interceptor>
		<interceptor>	
		<mapping path="/notice_update*"></mapping>
		<beans:ref bean="adminInterceptor"/>
		</interceptor>
		
		<interceptor>		
		<mapping path="/online/digitalMovW*"></mapping>
		<beans:ref bean="adminInterceptor"/>
		</interceptor>
		<interceptor>	
		<mapping path="/online/digitalMovU*"></mapping>
		<beans:ref bean="adminInterceptor"/>
		</interceptor>
		
		<interceptor>		
		<mapping path="/online/CollectionW*"></mapping>
		<beans:ref bean="adminInterceptor"/>
		</interceptor>
		<interceptor>	
		<mapping path="/online/CollectionU*"></mapping>
		<beans:ref bean="adminInterceptor"/>
		</interceptor>
		
	</interceptors> 
	
	<!-- Component Scan -->
	<context:component-scan base-package="com.web.controller" />
	<context:component-scan base-package="com.web.dao" />
	
	
	
</beans:beans>
